Site,session_id,age
AshlandUniversity,A2,NA
AshlandUniversity,NA,NA
AshlandUniversity,7385046,19
AshlandUniversity,7385155,18
AshlandUniversity,7391990,18
AshlandUniversity,7392153,18
AshlandUniversity,7392233,18
AshlandUniversity,7392698,24
AshlandUniversity,NA,NA
AshlandUniversity,7392875,18
AshlandUniversity,7397218,19
AshlandUniversity,7397377,20
AshlandUniversity,7397497,18
AshlandUniversity,7399330,19
AshlandUniversity,7399569,18
AshlandUniversity,NA,NA
AshlandUniversity,NA,NA
AshlandUniversity,7407138,20
AshlandUniversity,7407324,21
AshlandUniversity,7407467,18
AshlandUniversity,7408019,18
AshlandUniversity,NA,NA
AshlandUniversity,NA,NA
AshlandUniversity,7413094,18
AshlandUniversity,7413208,19
AshlandUniversity,7413320,18
AshlandUniversity,7415180,18
AshlandUniversity,7415265,18
AshlandUniversity,7415371,18
AshlandUniversity,7420043,NA
AshlandUniversity,7420112,18
AshlandUniversity,7420211,18
AshlandUniversity,7422970,18
AshlandUniversity,7423114,20
AshlandUniversity,7423644,18
AshlandUniversity,7423839,18
AshlandUniversity,7423937,19
AshlandUniversity,7424023,18
AshlandUniversity,7428326,18
AshlandUniversity,7428391,18
AshlandUniversity,7428509,20
AshlandUniversity,7437628,18
AshlandUniversity,7437746,18
AshlandUniversity,7437914,18
AshlandUniversity,7476385,18
AshlandUniversity,7476448,19
AshlandUniversity,7476582,18
AshlandUniversity,7480987,19
AshlandUniversity,NA,NA
AshlandUniversity,NA,NA
AshlandUniversity,7481180,21
AshlandUniversity,7483576,18
AshlandUniversity,7490083,19
AshlandUniversity,7490187,18
AshlandUniversity,7490630,18
AshlandUniversity,7490764,19
AshlandUniversity,7490892,18
AshlandUniversity,7492474,18
AshlandUniversity,7492594,20
AshlandUniversity,7507300,NA
AshlandUniversity,7381253,19
AshlandUniversity,7507419,19
AshlandUniversity,7510340,19
AshlandUniversity,7510509,19
AshlandUniversity,7510835,18
AshlandUniversity,7511106,20
AshlandUniversity,7522086,18
AshlandUniversity,7522273,18
AshlandUniversity,7522428,18
AshlandUniversity,7530101,18
AshlandUniversity,7530224,18
AshlandUniversity,7381395,18
AshlandUniversity,7530306,19
AshlandUniversity,7538612,19
AshlandUniversity,7538656,18
AshlandUniversity,7543283,18
AshlandUniversity,7543398,19
AshlandUniversity,7543488,19
AshlandUniversity,NA,NA
AshlandUniversity,7543902,18
AshlandUniversity,7551853,26
AshlandUniversity,7551910,18
AshlandUniversity,7381507,19
AshlandUniversity,7552032,18
AshlandUniversity,7556602,18
AshlandUniversity,7543842,19
AshlandUniversity,7404018,18
AshlandUniversity,7481081,18
AshlandUniversity,7481274,18
AshlandUniversity,7375800,20
AshlandUniversity,7384896,18
AshlandUniversity,7384974,27
AshlandUniversity,7404218,18
AshlandUniversity,7408123,18
AshlandUniversity,7408224,18
AshlandUniversity,7530579,NA
BradleyUniversity,7404455,19
BradleyUniversity,7404845,18
BradleyUniversity,7598409,20
BradleyUniversity,7598835,18
BradleyUniversity,7598774,19
BradleyUniversity,7598755,23
BradleyUniversity,7599067,18
BradleyUniversity,7599037,18
BradleyUniversity,7604387,18
BradleyUniversity,7604485,19
BradleyUniversity,7604375,19
BradleyUniversity,7604755,19
BradleyUniversity,7404873,18
BradleyUniversity,7604690,18
BradleyUniversity,7604894,18
BradleyUniversity,7604772,19
BradleyUniversity,7605052,20
BradleyUniversity,7605044,20
BradleyUniversity,7613349,18
BradleyUniversity,7613352,18
BradleyUniversity,7613332,18
BradleyUniversity,7613503,19
BradleyUniversity,7613694,19
BradleyUniversity,7404938,18
BradleyUniversity,NA,NA
BradleyUniversity,7613819,19
BradleyUniversity,7404931,18
BradleyUniversity,7404943,19
BradleyUniversity,7407923,18
BradleyUniversity,7407902,19
BradleyUniversity,NA,NA
BradleyUniversity,7408039,19
BradleyUniversity,7408043,18
BradleyUniversity,7404471,19
BradleyUniversity,NA,NA
BradleyUniversity,7408129,18 almost 19
BradleyUniversity,7408132,18
BradleyUniversity,7408134,18
BradleyUniversity,7408206,18
BradleyUniversity,7408225,19
BradleyUniversity,7408196,18
BradleyUniversity,NA,NA
BradleyUniversity,7408236,19
BradleyUniversity,7408296,18
BradleyUniversity,7404492,19
BradleyUniversity,7408275,18
BradleyUniversity,7451820,18
BradleyUniversity,7451824,18
BradleyUniversity,NA,NA
BradleyUniversity,7451981,20
BradleyUniversity,NA,NA
BradleyUniversity,NA,NA
BradleyUniversity,7452161,21
BradleyUniversity,7452235,18
BradleyUniversity,7452213,18
BradleyUniversity,NA,NA
BradleyUniversity,7452323,20
BradleyUniversity,7452317,19
BradleyUniversity,7452371,19
BradleyUniversity,7452456,19
BradleyUniversity,7452505,18
BradleyUniversity,7452487,18
BradleyUniversity,7455165,18
BradleyUniversity,7455169,19
BradleyUniversity,7455127,21
BradleyUniversity,7455240,18
BradleyUniversity,7404644,18
BradleyUniversity,7455219,19
BradleyUniversity,7455304,18
BradleyUniversity,7455310,18
BradleyUniversity,7455262,18
BradleyUniversity,7455369,21
BradleyUniversity,7455387,18
BradleyUniversity,7455375,18
BradleyUniversity,7455434,19
BradleyUniversity,7455453,18
BradleyUniversity,7455455,18
BradleyUniversity,7404626,18
BradleyUniversity,NA,NA
BradleyUniversity,7499173,18
BradleyUniversity,7499175,NA
BradleyUniversity,7499344,18
BradleyUniversity,7499355,19
BradleyUniversity,7499538,18
BradleyUniversity,7499539,22
BradleyUniversity,7501409,18
BradleyUniversity,7501446,20
BradleyUniversity,7502275,19
BradleyUniversity,7404778,18
BradleyUniversity,7502279,19
BradleyUniversity,7502257,18
BradleyUniversity,7502382,18
BradleyUniversity,7502383,18
BradleyUniversity,7502514,21
BradleyUniversity,7549928,18
BradleyUniversity,7549919,19
BradleyUniversity,7549925,21
BradleyUniversity,7550042,18
BradleyUniversity,7550041,18
BradleyUniversity,7404789,18
BradleyUniversity,7550086,19
BradleyUniversity,7550141,18
BradleyUniversity,7550153,18
BradleyUniversity,7550157,18
BradleyUniversity,7550189,19
BradleyUniversity,7552338,19
BradleyUniversity,7552296,21
BradleyUniversity,7552432,19
BradleyUniversity,7552429,18
BradleyUniversity,7552445,20
BradleyUniversity,7404824,18
BradleyUniversity,7552377,18
BradleyUniversity,7552515,20
BradleyUniversity,7552518,19
BradleyUniversity,7552555,19
BradleyUniversity,7552580,21
BradleyUniversity,NA,NA
BradleyUniversity,NA,NA
BradleyUniversity,7597722,20
BradleyUniversity,7598062,20
BradleyUniversity,7598107,18
BradleyUniversity,7404620,19
BradleyUniversity,7407886,19
BradleyUniversity,7408078,18
BradleyUniversity,7452028,18
BradleyUniversity,7499191,19
BradleyUniversity,7452023,18
BradleyUniversity,7451822,18
BradleyUniversity,7597712,NA
BradleyUniversity,7613575,20
BradleyUniversity,7597648,NA
CarletonUniversity,7404663,18
CarletonUniversity,7409989,24
CarletonUniversity,7410104,21
CarletonUniversity,7412693,32
CarletonUniversity,7413069,18
CarletonUniversity,7414803,17
CarletonUniversity,NA,NA
CarletonUniversity,7414970,25
CarletonUniversity,7428111,18
CarletonUniversity,7431183,20
CarletonUniversity,7434999,18
CarletonUniversity,7404838,19
CarletonUniversity,7437585,16
CarletonUniversity,7446957,18
CarletonUniversity,7451128,18
CarletonUniversity,7452756,18
CarletonUniversity,7470237,18
CarletonUniversity,7470200,17
CarletonUniversity,7474545,19
CarletonUniversity,NA,NA
CarletonUniversity,7483405,24
CarletonUniversity,7404968,26
CarletonUniversity,7487628,19
CarletonUniversity,7539441,19
CarletonUniversity,7550010,19
CarletonUniversity,7552479,18
CarletonUniversity,7578247,19
CarletonUniversity,7578508,18
CarletonUniversity,7580307,19
CarletonUniversity,7580327,20
CarletonUniversity,7602936,22
CarletonUniversity,7608844,20
CarletonUniversity,NA,NA
CarletonUniversity,7609355,21
CarletonUniversity,7624260,22
CarletonUniversity,7624350,20
CarletonUniversity,NA,NA
CarletonUniversity,7624691,18
CarletonUniversity,7625507,27
CarletonUniversity,7625780,19
CarletonUniversity,NA,NA
CarletonUniversity,7406991,18
CarletonUniversity,7407430,18
CarletonUniversity,7409617,17
CarletonUniversity,7409728,17
CarletonUniversity,7392194,NA
CarletonUniversity,7476407,NA
CarletonUniversity,7624529,NA
CarletonUniversity,7406697,29
CarletonUniversity,7459564,20
IthacaCollege,7428114,18
IthacaCollege,NA,NA
IthacaCollege,7563058,19
IthacaCollege,7563056,18
IthacaCollege,7567737,18
IthacaCollege,NA,NA
IthacaCollege,NA,NA
IthacaCollege,7570383,18
IthacaCollege,7572644,19
IthacaCollege,NA,NA
IthacaCollege,7572895,19
IthacaCollege,NA,NA
IthacaCollege,NA,NA
IthacaCollege,7597254,19
IthacaCollege,7597251,18
IthacaCollege,7603012,19
IthacaCollege,NA,NA
IthacaCollege,7604009,21
IthacaCollege,NA,NA
IthacaCollege,NA,NA
IthacaCollege,7608008,21
IthacaCollege,7612148,21
IthacaCollege,7428643,18
IthacaCollege,NA,NA
IthacaCollege,7612813,20
IthacaCollege,NA,NA
IthacaCollege,7624548,18
IthacaCollege,NA,NA
IthacaCollege,NA,NA
IthacaCollege,NA,NA
IthacaCollege,NA,NA
IthacaCollege,7631394,19
IthacaCollege,7635879,19
IthacaCollege,7434910,18
IthacaCollege,NA,NA
IthacaCollege,7641260,21
IthacaCollege,7641263,18
IthacaCollege,NA,NA
IthacaCollege,NA,NA
IthacaCollege,7434913,21
IthacaCollege,NA,NA
IthacaCollege,7437457,21
IthacaCollege,7438050,18
IthacaCollege,7438052,18
IthacaCollege,NA,NA
IthacaCollege,7440534,18
IthacaCollege,7444045,18
IthacaCollege,7444050,18
IthacaCollege,7444524,20
IthacaCollege,NA,NA
IthacaCollege,7451583,18
IthacaCollege,7451584,18
IthacaCollege,NA,NA
IthacaCollege,7454876,18
IthacaCollege,7457204,18
IthacaCollege,7457181,18
IthacaCollege,7459846,18
IthacaCollege,7459845,18
IthacaCollege,7460252,18
IthacaCollege,NA,NA
IthacaCollege,7467059,18
IthacaCollege,7467056,20
IthacaCollege,7469562,18
IthacaCollege,7469564,18
IthacaCollege,7469906,19
IthacaCollege,NA,NA
IthacaCollege,7472065,20
IthacaCollege,7472060,19
IthacaCollege,7474809,18
IthacaCollege,7474806,NA
IthacaCollege,7481172,18
IthacaCollege,NA,NA
IthacaCollege,7483491,20
IthacaCollege,NA,NA
IthacaCollege,7483878,18
IthacaCollege,7483843,18
IthacaCollege,7487071,20
IthacaCollege,7487057,18
IthacaCollege,7498837,19
IthacaCollege,7498835,18
IthacaCollege,NA,NA
IthacaCollege,7501564,21
IthacaCollege,NA,NA
IthacaCollege,7502033,21
IthacaCollege,7504293,19
IthacaCollege,NA,NA
IthacaCollege,7507052,19
IthacaCollege,NA,NA
IthacaCollege,7507530,22
IthacaCollege,NA,NA
IthacaCollege,7519078,20
IthacaCollege,NA,NA
IthacaCollege,NA,NA
IthacaCollege,7521947,19
IthacaCollege,NA,NA
IthacaCollege,7425502,20
IthacaCollege,7522709,21
IthacaCollege,7527141,19
IthacaCollege,7527182,NA
IthacaCollege,NA,NA
IthacaCollege,7529956,20
IthacaCollege,NA,NA
IthacaCollege,NA,NA
IthacaCollege,7536191,19
IthacaCollege,7536194,21
IthacaCollege,NA,NA
IthacaCollege,7425499,19
IthacaCollege,NA,NA
IthacaCollege,7538852,21
IthacaCollege,NA,NA
IthacaCollege,7541020,18
IthacaCollege,7540997,21
IthacaCollege,7543206,18
IthacaCollege,7543201,20
IthacaCollege,7543597,19
IthacaCollege,7543600,18
IthacaCollege,NA,NA
IthacaCollege,NA,NA
IthacaCollege,7549676,20
IthacaCollege,7552084,20
IthacaCollege,7551762,19
IthacaCollege,NA,NA
IthacaCollege,NA,NA
IthacaCollege,NA,NA
IthacaCollege,NA,NA
IthacaCollege,7556495,18
IthacaCollege,7556496,21
IthacaCollege,7556892,18
IthacaCollege,7554095,18
IthacaCollege,7554101,20
IthacaCollege,7483489,18
IthacaCollege,7504276,18
IthacaCollege,7538407,19
IthacaCollege,7530366,20
IthacaCollege,7444521,18
IthacaCollege,7630482,NA
IthacaCollege,7530364,20
IthacaCollege,7642086,NA
IthacaCollege,7657173,NA
MiamiUniversity,NA,NA
MiamiUniversity,7611760,19
MiamiUniversity,7611765,19
MiamiUniversity,7611924,20
MiamiUniversity,7611920,22
MiamiUniversity,7611923,19
MiamiUniversity,7611922,20
MiamiUniversity,7415130,20
MiamiUniversity,7415126,18
MiamiUniversity,7415133,19
MiamiUniversity,7420116,20
MiamiUniversity,7420134,18
MiamiUniversity,7420092,19
MiamiUniversity,7420118,19
MiamiUniversity,NA,NA
MiamiUniversity,7422630,19
MiamiUniversity,7422624,18
MiamiUniversity,7422627,18
MiamiUniversity,NA,NA
MiamiUniversity,7434715,18
MiamiUniversity,7434707,18
MiamiUniversity,7434710,18
MiamiUniversity,7434711,18
MiamiUniversity,7440468,18
MiamiUniversity,7440466,18
MiamiUniversity,7440469,21
MiamiUniversity,7440459,18
MiamiUniversity,7443367,19
MiamiUniversity,7443365,19
MiamiUniversity,7453963,19
MiamiUniversity,7457169,19
MiamiUniversity,7457168,19
MiamiUniversity,7457167,18
MiamiUniversity,7471970,19
MiamiUniversity,7471974,18
MiamiUniversity,7471971,19
MiamiUniversity,7472158,18
MiamiUniversity,7472168,20
MiamiUniversity,7472156,19
MiamiUniversity,7489722,20
MiamiUniversity,7489720,18
MiamiUniversity,7489719,18
MiamiUniversity,7490108,18
MiamiUniversity,7490107,18
MiamiUniversity,7490105,18
MiamiUniversity,7492766,18
MiamiUniversity,7492764,18
MiamiUniversity,7506850,20
MiamiUniversity,7506847,19
MiamiUniversity,7506846,19
MiamiUniversity,NA,NA
MiamiUniversity,7521718,19
MiamiUniversity,NA,NA
MiamiUniversity,7521712,18
MiamiUniversity,NA,NA
MiamiUniversity,7527149,18
MiamiUniversity,7527144,19
MiamiUniversity,7527145,18
MiamiUniversity,7527148,18
MiamiUniversity,7529887,19
MiamiUniversity,7529890,19
MiamiUniversity,7529889,18
MiamiUniversity,7539290,18
MiamiUniversity,7539287,19
MiamiUniversity,7406842,19
MiamiUniversity,7539289,19
MiamiUniversity,7541664,19
MiamiUniversity,7541668,19
MiamiUniversity,7541667,19
MiamiUniversity,7551534,19
MiamiUniversity,7551528,19
MiamiUniversity,7554005,19
MiamiUniversity,7554655,20
MiamiUniversity,7554663,18
MiamiUniversity,7556289,18
MiamiUniversity,7406839,21
MiamiUniversity,7566783,18
MiamiUniversity,NA,NA
MiamiUniversity,7571108,18
MiamiUniversity,7571105,19
MiamiUniversity,7571104,19
MiamiUniversity,7572457,19
MiamiUniversity,7572493,19
MiamiUniversity,7580466,18
MiamiUniversity,7580467,18
MiamiUniversity,7580465,18
MiamiUniversity,NA,NA
MiamiUniversity,7602592,18
MiamiUniversity,7602593,19
MiamiUniversity,7602589,19
MiamiUniversity,7602800,21
MiamiUniversity,7602799,19
MiamiUniversity,7602802,21
MiamiUniversity,7602813,19
MiamiUniversity,7607934,18
MiamiUniversity,7607935,20
MiamiUniversity,NA,NA
MiamiUniversity,7521716,18
MiamiUniversity,7422628,18
MiamiUniversity,7406836,18
MiamiUniversity,7406840,18
MiamiUniversity,7509394,18
MiamiUniversity,7430534,NA
MiamiUniversity,7521713,18
MiamiUniversity,7566764,20
MiamiUniversity,7607936,20
MichiganStateUniversity,675118,18
MichiganStateUniversity,675171,21
MichiganStateUniversity,675618,20
MichiganStateUniversity,7424103,21
MichiganStateUniversity,7425130,18
MichiganStateUniversity,675673,18
MichiganStateUniversity,675678,18
MichiganStateUniversity,7425169,19
MichiganStateUniversity,7425297,20
MichiganStateUniversity,675689,19
MichiganStateUniversity,675713,18
MichiganStateUniversity,7425495,19
MichiganStateUniversity,675174,19
MichiganStateUniversity,675724,18
MichiganStateUniversity,7425568,20
MichiganStateUniversity,7425709,20
MichiganStateUniversity,675762,20
MichiganStateUniversity,675771,19
MichiganStateUniversity,7425838,18
MichiganStateUniversity,7426064,19
MichiganStateUniversity,675778,19
MichiganStateUniversity,675783,19
MichiganStateUniversity,7426251,20
MichiganStateUniversity,7412819,19
MichiganStateUniversity,NA,NA
MichiganStateUniversity,7426368,20
MichiganStateUniversity,675785,18
MichiganStateUniversity,675887,20
MichiganStateUniversity,7427703,18
MichiganStateUniversity,675897,18
MichiganStateUniversity,7427773,21
MichiganStateUniversity,680209,20
MichiganStateUniversity,675904,21
MichiganStateUniversity,7427965,18
MichiganStateUniversity,NA,NA
MichiganStateUniversity,675175,18
MichiganStateUniversity,7428043,19
MichiganStateUniversity,7428289,19
MichiganStateUniversity,NA,NA
MichiganStateUniversity,7428448,19
MichiganStateUniversity,675921,18
MichiganStateUniversity,675922,26
MichiganStateUniversity,7428624,18
MichiganStateUniversity,NA,NA
MichiganStateUniversity,7429128,18
MichiganStateUniversity,675933,25
MichiganStateUniversity,675181,19
MichiganStateUniversity,675954,20
MichiganStateUniversity,7429290,18
MichiganStateUniversity,675955,19
MichiganStateUniversity,7429397,18
MichiganStateUniversity,675968,20
MichiganStateUniversity,675970,20
MichiganStateUniversity,675971,19
MichiganStateUniversity,675982,18
MichiganStateUniversity,675985,20
MichiganStateUniversity,7430918,18
MichiganStateUniversity,7412991,18
MichiganStateUniversity,675986,18
MichiganStateUniversity,7431017,19
MichiganStateUniversity,7431165,19
MichiganStateUniversity,675988,18
MichiganStateUniversity,675994,18
MichiganStateUniversity,679635,19
MichiganStateUniversity,7518110,21
MichiganStateUniversity,679647,19
MichiganStateUniversity,7518228,20
MichiganStateUniversity,679652,20
MichiganStateUniversity,675189,18
MichiganStateUniversity,7518507,18
MichiganStateUniversity,7518828,21
MichiganStateUniversity,679667,18
MichiganStateUniversity,679671,19
MichiganStateUniversity,7519066,21
MichiganStateUniversity,679681,21
MichiganStateUniversity,7519233,19
MichiganStateUniversity,679687,18
MichiganStateUniversity,679702,18
MichiganStateUniversity,679712,18
MichiganStateUniversity,675187,18
MichiganStateUniversity,679729,18
MichiganStateUniversity,679819,19
MichiganStateUniversity,679828,18
MichiganStateUniversity,7521663,20
MichiganStateUniversity,7521901,19
MichiganStateUniversity,679833,20
MichiganStateUniversity,679835,21
MichiganStateUniversity,7522108,18
MichiganStateUniversity,679844,18
MichiganStateUniversity,7522263,19
MichiganStateUniversity,7413123,18
MichiganStateUniversity,679852,22
MichiganStateUniversity,7522781,20
MichiganStateUniversity,679860,18
MichiganStateUniversity,679867,21
MichiganStateUniversity,679888,18
MichiganStateUniversity,7524211,24
MichiganStateUniversity,679889,18
MichiganStateUniversity,7526741,18
MichiganStateUniversity,679960,19
MichiganStateUniversity,679979,21
MichiganStateUniversity,675197,19
MichiganStateUniversity,679993,18
MichiganStateUniversity,680013,18
MichiganStateUniversity,7527321,18
MichiganStateUniversity,7527582,20
MichiganStateUniversity,680016,18
MichiganStateUniversity,7527741,18
MichiganStateUniversity,680020,19
MichiganStateUniversity,680023,18
MichiganStateUniversity,NA,NA
MichiganStateUniversity,NA,NA
MichiganStateUniversity,675119,19
MichiganStateUniversity,675194,18
MichiganStateUniversity,NA,NA
MichiganStateUniversity,NA,NA
MichiganStateUniversity,NA,NA
MichiganStateUniversity,7529497,21
MichiganStateUniversity,680069,19
MichiganStateUniversity,680074,18
MichiganStateUniversity,7529541,18
MichiganStateUniversity,NA,NA
MichiganStateUniversity,7529748,22
MichiganStateUniversity,680114,20
MichiganStateUniversity,675204,20
MichiganStateUniversity,7530398,20
MichiganStateUniversity,7530510,18
MichiganStateUniversity,680116,18
MichiganStateUniversity,NA,NA
MichiganStateUniversity,7530735,18
MichiganStateUniversity,680119,20
MichiganStateUniversity,7530877,19
MichiganStateUniversity,NA,NA
MichiganStateUniversity,NA,NA
MichiganStateUniversity,680164,21
MichiganStateUniversity,7413324,20
MichiganStateUniversity,680170,20
MichiganStateUniversity,680190,20
MichiganStateUniversity,7532104,22
MichiganStateUniversity,680202,21
MichiganStateUniversity,7532197,18
MichiganStateUniversity,7532304,21
MichiganStateUniversity,680206,21
MichiganStateUniversity,NA,NA
MichiganStateUniversity,7532391,18
MichiganStateUniversity,7532515,20
MichiganStateUniversity,675205,20
MichiganStateUniversity,680214,21
MichiganStateUniversity,680362,18
MichiganStateUniversity,680366,19
MichiganStateUniversity,680367,23
MichiganStateUniversity,680371,18
MichiganStateUniversity,7536538,21
MichiganStateUniversity,7536681,18
MichiganStateUniversity,680375,NA
MichiganStateUniversity,680377,20
MichiganStateUniversity,680383,19
MichiganStateUniversity,675206,20
MichiganStateUniversity,680385,19
MichiganStateUniversity,7541282,22
MichiganStateUniversity,680458,21
MichiganStateUniversity,680465,19
MichiganStateUniversity,680469,18
MichiganStateUniversity,NA,NA
MichiganStateUniversity,NA,NA
MichiganStateUniversity,NA,NA
MichiganStateUniversity,680501,20
MichiganStateUniversity,7542915,20
MichiganStateUniversity,NA,NA
MichiganStateUniversity,680507,20
MichiganStateUniversity,7543021,21
MichiganStateUniversity,680541,21
MichiganStateUniversity,680553,19
MichiganStateUniversity,680558,21
MichiganStateUniversity,7543896,21
MichiganStateUniversity,680565,18
MichiganStateUniversity,7543971,19
MichiganStateUniversity,NA,NA
MichiganStateUniversity,680566,18
MichiganStateUniversity,675210,19
MichiganStateUniversity,680742,20
MichiganStateUniversity,680743,20
MichiganStateUniversity,7544896,18
MichiganStateUniversity,680751,19
MichiganStateUniversity,7545103,18
MichiganStateUniversity,680754,18
MichiganStateUniversity,7545239,21
MichiganStateUniversity,680755,20
MichiganStateUniversity,680756,18
MichiganStateUniversity,680757,18
MichiganStateUniversity,7413693,21
MichiganStateUniversity,NA,NA
MichiganStateUniversity,680861,23
MichiganStateUniversity,7549210,18
MichiganStateUniversity,680871,20
MichiganStateUniversity,680885,18
MichiganStateUniversity,7549325,20
MichiganStateUniversity,7549495,18
MichiganStateUniversity,680890,19
MichiganStateUniversity,7549641,19
MichiganStateUniversity,680896,18
MichiganStateUniversity,675216,18
MichiganStateUniversity,680924,22
MichiganStateUniversity,7550134,18
MichiganStateUniversity,NA,NA
MichiganStateUniversity,680935,20
MichiganStateUniversity,7550327,20
MichiganStateUniversity,680938,18
MichiganStateUniversity,680943,19
MichiganStateUniversity,7550421,18
MichiganStateUniversity,681010,18
MichiganStateUniversity,7551388,18
MichiganStateUniversity,675215,19
MichiganStateUniversity,7551504,19
MichiganStateUniversity,681022,21
MichiganStateUniversity,681040,19
MichiganStateUniversity,681041,19
MichiganStateUniversity,681048,18
MichiganStateUniversity,681050,18
MichiganStateUniversity,7552143,21
MichiganStateUniversity,7552286,20
MichiganStateUniversity,681055,21
MichiganStateUniversity,681056,21
MichiganStateUniversity,7412478,20
MichiganStateUniversity,7413791,19
MichiganStateUniversity,681058,19
MichiganStateUniversity,7552634,19
MichiganStateUniversity,681060,19
MichiganStateUniversity,NA,NA
MichiganStateUniversity,7553812,20
MichiganStateUniversity,681100,19
MichiganStateUniversity,NA,NA
MichiganStateUniversity,7553955,20
MichiganStateUniversity,681108,21
MichiganStateUniversity,681122,19
MichiganStateUniversity,681146,19
MichiganStateUniversity,675217,21
MichiganStateUniversity,681163,21
MichiganStateUniversity,681181,19
MichiganStateUniversity,7554497,21
MichiganStateUniversity,681197,18
MichiganStateUniversity,7554590,21
MichiganStateUniversity,681208,18
MichiganStateUniversity,7554723,19
MichiganStateUniversity,681210,18
MichiganStateUniversity,7554899,18
MichiganStateUniversity,681219,19
MichiganStateUniversity,675218,18
MichiganStateUniversity,7413922,20
MichiganStateUniversity,675220,19
MichiganStateUniversity,NA,NA
MichiganStateUniversity,675223,19
MichiganStateUniversity,NA,NA
MichiganStateUniversity,675225,19
MichiganStateUniversity,7414085,NA
MichiganStateUniversity,7412525,20
MichiganStateUniversity,7414808,20
MichiganStateUniversity,675234,19
MichiganStateUniversity,675237,19
MichiganStateUniversity,675236,22
MichiganStateUniversity,NA,NA
MichiganStateUniversity,7414849,20
MichiganStateUniversity,675243,18
MichiganStateUniversity,NA,NA
MichiganStateUniversity,7415212,19
MichiganStateUniversity,675247,18
MichiganStateUniversity,675120,19
MichiganStateUniversity,675249,20
MichiganStateUniversity,7552791,19
MichiganStateUniversity,675248,21
MichiganStateUniversity,7415709,19
MichiganStateUniversity,NA,NA
MichiganStateUniversity,675261,19
MichiganStateUniversity,675260,19
MichiganStateUniversity,7415827,19
MichiganStateUniversity,675262,18
MichiganStateUniversity,7415929,22 years
MichiganStateUniversity,675266,21
MichiganStateUniversity,NA,NA
MichiganStateUniversity,7419584,20
MichiganStateUniversity,NA,NA
MichiganStateUniversity,675392,21
MichiganStateUniversity,NA,NA
MichiganStateUniversity,675414,19
MichiganStateUniversity,7419777,18
MichiganStateUniversity,675425,21
MichiganStateUniversity,7420054,18
MichiganStateUniversity,675451,19
MichiganStateUniversity,7420187,18
MichiganStateUniversity,NA,NA
MichiganStateUniversity,675456,20
MichiganStateUniversity,7420262,18
MichiganStateUniversity,7420513,19
MichiganStateUniversity,675464,18
MichiganStateUniversity,7420637,19
MichiganStateUniversity,675469,18
MichiganStateUniversity,7420782,22
MichiganStateUniversity,675482,18
MichiganStateUniversity,7420948,19
MichiganStateUniversity,675515,20
MichiganStateUniversity,675163,22
MichiganStateUniversity,675528,20
MichiganStateUniversity,7421103,18
MichiganStateUniversity,7422536,20
MichiganStateUniversity,675554,40
MichiganStateUniversity,7422591,18
MichiganStateUniversity,675556,18
MichiganStateUniversity,675569,18
MichiganStateUniversity,7422707,19
MichiganStateUniversity,675570,21
MichiganStateUniversity,7422990,18
MichiganStateUniversity,7412670,19
MichiganStateUniversity,675585,18
MichiganStateUniversity,675602,20
MichiganStateUniversity,7423141,19
MichiganStateUniversity,7423312,19
MichiganStateUniversity,675603,18
MichiganStateUniversity,675610,21
MichiganStateUniversity,675614,18
MichiganStateUniversity,7423846,19
MichiganStateUniversity,675616,20
MichiganStateUniversity,NA,NA
MichiganStateUniversity,7413459,19
MichiganStateUniversity,675165,NA
MichiganStateUniversity,7544070,22
MichiganStateUniversity,675224,18
MichiganStateUniversity,675241,19
MichiganStateUniversity,675258,NA
MichiganStateUniversity,675388,32
MichiganStateUniversity,675568,NA
MichiganStateUniversity,7545699,18
MichiganStateUniversity,675784,20
MichiganStateUniversity,675911,20
MichiganStateUniversity,675914,20
MichiganStateUniversity,680026,20
MichiganStateUniversity,680027,19
MichiganStateUniversity,680029,18
MichiganStateUniversity,680077,NA
MichiganStateUniversity,680118,20
MichiganStateUniversity,680121,18
MichiganStateUniversity,680471,19
MichiganStateUniversity,680476,18
MichiganStateUniversity,680928,19
MichiganStateUniversity,681097,NA
MichiganStateUniversity,7414980,20
MichiganStateUniversity,7424001,18
MichiganStateUniversity,7428885,22
MichiganStateUniversity,7414010,22
MichiganStateUniversity,7412626,NA
MichiganStateUniversity,7419637,19
MichiganStateUniversity,7541845,19
MichiganStateUniversity,7528362,18
MichiganStateUniversity,7530912,18
MichiganStateUniversity,7528475,18
MontanaStateUniversity,7420515,21
MontanaStateUniversity,7536317,18
MontanaStateUniversity,7536316,18
MontanaStateUniversity,7536318,23
MontanaStateUniversity,7536607,19
MontanaStateUniversity,7536611,18
MontanaStateUniversity,7536613,19
MontanaStateUniversity,7541259,20
MontanaStateUniversity,7541262,18
MontanaStateUniversity,7541263,18
MontanaStateUniversity,NA,NA
MontanaStateUniversity,7425257,18
MontanaStateUniversity,7541640,18
MontanaStateUniversity,7542140,18
MontanaStateUniversity,7542138,21
MontanaStateUniversity,7542139,18
MontanaStateUniversity,7543241,21
MontanaStateUniversity,7543239,18
MontanaStateUniversity,7543479,18
MontanaStateUniversity,7543480,22
MontanaStateUniversity,7543481,19
MontanaStateUniversity,7543995,19
MontanaStateUniversity,7425414,18
MontanaStateUniversity,7543997,18
MontanaStateUniversity,7545424,18
MontanaStateUniversity,7545427,18
MontanaStateUniversity,7545434,19
MontanaStateUniversity,7597455,19
MontanaStateUniversity,7597459,18
MontanaStateUniversity,7597456,18
MontanaStateUniversity,7605173,18
MontanaStateUniversity,7605176,19
MontanaStateUniversity,7605172,20
MontanaStateUniversity,7426624,22
MontanaStateUniversity,7607947,22
MontanaStateUniversity,7607941,18
MontanaStateUniversity,7607945,20
MontanaStateUniversity,7609223,18
MontanaStateUniversity,NA,NA
MontanaStateUniversity,NA,NA
MontanaStateUniversity,7428064,19
MontanaStateUniversity,7428458,17
MontanaStateUniversity,7431025,18
MontanaStateUniversity,7434957,18
MontanaStateUniversity,7440546,18
MontanaStateUniversity,7442204,18
MontanaStateUniversity,7442206,17
MontanaStateUniversity,7443950,18
MontanaStateUniversity,7443949,19
MontanaStateUniversity,7444337,18
MontanaStateUniversity,7444336,18
MontanaStateUniversity,7446786,27
MontanaStateUniversity,7446788,25
MontanaStateUniversity,7446937,18
MontanaStateUniversity,7446938,18
MontanaStateUniversity,7451666,18
MontanaStateUniversity,7451668,27
MontanaStateUniversity,7451954,18
MontanaStateUniversity,7451953,21
MontanaStateUniversity,7457197,18
MontanaStateUniversity,7458538,19
MontanaStateUniversity,7458540,18
MontanaStateUniversity,7458536,21
MontanaStateUniversity,7459790,19
MontanaStateUniversity,7459781,22
MontanaStateUniversity,7460099,19
MontanaStateUniversity,7460100,31
MontanaStateUniversity,7460101,19
MontanaStateUniversity,7462406,18
MontanaStateUniversity,7462408,18
MontanaStateUniversity,7462432,20
MontanaStateUniversity,7462603,18
MontanaStateUniversity,7462601,22
MontanaStateUniversity,NA,NA
MontanaStateUniversity,7466459,18
MontanaStateUniversity,7467188,20
MontanaStateUniversity,7467190,25
MontanaStateUniversity,NA,NA
MontanaStateUniversity,NA,NA
MontanaStateUniversity,NA,NA
MontanaStateUniversity,7471881,19
MontanaStateUniversity,7471877,25
MontanaStateUniversity,7471880,22
MontanaStateUniversity,7473182,18
MontanaStateUniversity,7473183,28
MontanaStateUniversity,7473184,NA
MontanaStateUniversity,7474670,18
MontanaStateUniversity,7474667,18
MontanaStateUniversity,NA,NA
MontanaStateUniversity,NA,NA
MontanaStateUniversity,7476696,18
MontanaStateUniversity,7476694,30
MontanaStateUniversity,7476692,19
MontanaStateUniversity,7519220,18
MontanaStateUniversity,7412935,19
MontanaStateUniversity,7519249,18
MontanaStateUniversity,NA,NA
MontanaStateUniversity,NA,NA
MontanaStateUniversity,7519665,18
MontanaStateUniversity,7523074,18
MontanaStateUniversity,7523051,21
MontanaStateUniversity,7523053,19
MontanaStateUniversity,7524219,18
MontanaStateUniversity,7524210,22
MontanaStateUniversity,7413305,19
MontanaStateUniversity,7524212,18
MontanaStateUniversity,7527555,18
MontanaStateUniversity,7527558,23
MontanaStateUniversity,7527553,23
MontanaStateUniversity,7528078,20
MontanaStateUniversity,7528079,18
MontanaStateUniversity,7528076,19
MontanaStateUniversity,7528622,19
MontanaStateUniversity,7528621,18
MontanaStateUniversity,7530089,18
MontanaStateUniversity,NA,NA
MontanaStateUniversity,7530110,19
MontanaStateUniversity,7530090,18
MontanaStateUniversity,7530292,19
MontanaStateUniversity,7530291,18
MontanaStateUniversity,7530290,20
MontanaStateUniversity,7530867,19
MontanaStateUniversity,NA,NA
MontanaStateUniversity,7532287,18
MontanaStateUniversity,7532289,24
MontanaStateUniversity,7532526,18
MontanaStateUniversity,7476616,20
MontanaStateUniversity,7415512,20
MontanaStateUniversity,7467378,28
MontanaStateUniversity,7410023,NA
MontanaStateUniversity,7467221,18
MontanaStateUniversity,7462407,NA
MontanaStateUniversity,7519664,19
MontanaStateUniversity,7466461,NA
MontanaStateUniversity,7467382,28
MontanaStateUniversity,7476615,19
MontanaStateUniversity,7519661,20
MontanaStateUniversity,7530868,23
MontanaStateUniversity,7541642,21
MontanaStateUniversity,7467439,17
MontanaStateUniversity,7609225,18
MontanaStateUniversity,7609222,20
mTurk,7476238,NA
mTurk,7477706,NA
mTurk,7506371,52
mTurk,7506379,NA
mTurk,7506526,27
mTurk,7507101,50
mTurk,7507332,30
mTurk,7508626,29
mTurk,7509069,23
mTurk,7509415,42
mTurk,7509462,50
mTurk,7510528,31
mTurk,7477709,NA
mTurk,7512013,62
mTurk,7514113,35
mTurk,7514484,24
mTurk,7515270,46
mTurk,7515362,51
mTurk,7515483,46
mTurk,7515787,53
mTurk,7515831,NA
mTurk,7518249,33
mTurk,7518250,30
mTurk,7477714,NA
mTurk,7518251,24
mTurk,7518252,51
mTurk,7518253,27
mTurk,7518254,35
mTurk,7518255,33
mTurk,7518256,34
mTurk,7518257,47
mTurk,7518258,26
mTurk,7518260,NA
mTurk,7518261,30
mTurk,7477718,NA
mTurk,7518262,26
mTurk,7518263,NA
mTurk,7518264,NA
mTurk,7518265,26
mTurk,7518266,23
mTurk,7518268,29
mTurk,7518269,33
mTurk,7518270,NA
mTurk,7518271,27
mTurk,7518272,53
mTurk,7477725,NA
mTurk,7518273,58
mTurk,7518274,29
mTurk,7518275,42
mTurk,7518276,36
mTurk,7518277,24
mTurk,7518278,36
mTurk,7518280,44
mTurk,7518281,32
mTurk,7518282,31
mTurk,7518283,NA
mTurk,7477737,32
mTurk,7518285,56
mTurk,7518286,NA
mTurk,7518287,NA
mTurk,7518288,54
mTurk,7518289,60
mTurk,7518290,54
mTurk,7518291,27
mTurk,7518292,27
mTurk,7518293,29
mTurk,7518294,29
mTurk,7477759,50
mTurk,7518295,NA
mTurk,7518297,26
mTurk,7518299,34
mTurk,7518300,50
mTurk,7518301,32
mTurk,7518302,24
mTurk,7518303,35
mTurk,7518304,NA
mTurk,7518305,NA
mTurk,7518307,NA
mTurk,7477771,35
mTurk,7518308,38
mTurk,7518309,22
mTurk,7518310,NA
mTurk,7518312,NA
mTurk,7518313,30
mTurk,7518314,64
mTurk,7518315,35
mTurk,7518316,44
mTurk,7518318,26
mTurk,7518320,53
mTurk,7477789,63
mTurk,7518321,NA
mTurk,7518322,46
mTurk,7518323,27
mTurk,7518325,35
mTurk,7518326,61
mTurk,7518327,41
mTurk,7518329,33
mTurk,7518332,59
mTurk,7518333,27
mTurk,7518334,31
mTurk,7477791,NA
mTurk,7518335,53
mTurk,7518336,28
mTurk,7518337,NA
mTurk,7518338,37
mTurk,7518339,NA
mTurk,7518341,21
mTurk,7518342,22
mTurk,7518343,25
mTurk,7518344,38
mTurk,7518345,NA
mTurk,7476242,50
mTurk,7477792,22
mTurk,7518346,23
mTurk,7518347,22
mTurk,7518349,39
mTurk,7518350,27
mTurk,7518351,36
mTurk,7518355,31
mTurk,7518357,32
mTurk,7518358,36
mTurk,7518359,33
mTurk,7518361,57
mTurk,7477848,NA
mTurk,7518362,43
mTurk,7518363,40
mTurk,7518364,35
mTurk,7518365,NA
mTurk,7518366,NA
mTurk,7518370,26
mTurk,7518372,58
mTurk,7518373,41
mTurk,7518377,32
mTurk,7518378,NA
mTurk,7477936,55
mTurk,7518379,NA
mTurk,7518386,40
mTurk,7518387,21
mTurk,7518389,57
mTurk,7518408,28
mTurk,7518414,44
mTurk,7518427,40
mTurk,7518430,25
mTurk,7518435,39
mTurk,7518443,35
mTurk,7478066,31
mTurk,7518461,NA
mTurk,7518465,36
mTurk,7518480,36
mTurk,7518481,32
mTurk,7518528,27
mTurk,7518534,44
mTurk,7518538,49
mTurk,7518540,41
mTurk,7518556,35
mTurk,7518624,NA
mTurk,7478095,NA
mTurk,7518671,NA
mTurk,7518688,60
mTurk,7519048,NA
mTurk,7519083,27
mTurk,7538255,25
mTurk,7538259,26
mTurk,7538261,NA
mTurk,7538262,29
mTurk,7538265,24
mTurk,7538266,31
mTurk,7478116,48
mTurk,7538267,NA
mTurk,7538269,39
mTurk,7538271,29
mTurk,7538274,32
mTurk,7538276,39
mTurk,7538278,35
mTurk,7538283,37
mTurk,7538285,27
mTurk,7538288,23
mTurk,7538296,36
mTurk,7478131,59
mTurk,7538310,25
mTurk,7538359,NA
mTurk,7538364,57
mTurk,7538366,23
mTurk,7538368,39
mTurk,7538369,59
mTurk,7538384,NA
mTurk,7541434,NA
mTurk,7541435,21
mTurk,7541437,33
mTurk,7478153,32
mTurk,7541438,NA
mTurk,7541440,30
mTurk,7541441,37
mTurk,7541442,NA
mTurk,7541443,27
mTurk,7541445,31
mTurk,7541446,33
mTurk,7541450,24
mTurk,7541451,31
mTurk,7541456,38
mTurk,7478188,44
mTurk,7541458,29
mTurk,7541465,67
mTurk,7541486,39
mTurk,7541488,57
mTurk,7541489,24
mTurk,7541490,19
mTurk,7541494,34
mTurk,7541497,30
mTurk,7541505,22
mTurk,7541509,28
mTurk,7478234,54
mTurk,7543320,NA
mTurk,7543322,48
mTurk,7543323,36
mTurk,7543324,NA
mTurk,7543325,23
mTurk,7543327,33
mTurk,7543330,27
mTurk,7543331,19
mTurk,7543333,36
mTurk,7543336,28
mTurk,7476245,68
mTurk,7478244,50
mTurk,7543339,40
mTurk,7543340,51
mTurk,7543342,31
mTurk,7543350,34
mTurk,7543356,23
mTurk,7543357,NA
mTurk,7543361,32
mTurk,7543368,NA
mTurk,7543370,41
mTurk,7543378,36
mTurk,7478275,25
mTurk,7543383,26
mTurk,7543384,32
mTurk,7543425,31
mTurk,7543483,27
mTurk,7545192,30
mTurk,7545193,31
mTurk,7545194,28
mTurk,7545195,19
mTurk,7545196,19
mTurk,7545197,NA
mTurk,7478305,44
mTurk,7545198,NA
mTurk,7545199,25
mTurk,7545201,26
mTurk,7545202,36
mTurk,7545203,39
mTurk,7545204,27
mTurk,7545205,53
mTurk,7545206,22
mTurk,7545207,20
mTurk,7545208,NA
mTurk,7478463,31
mTurk,7545209,35
mTurk,7545218,29
mTurk,7545219,25
mTurk,7545223,26
mTurk,7545236,32
mTurk,7545240,37
mTurk,7545281,36
mTurk,7545372,NA
mTurk,7545382,33
mTurk,7550052,35
mTurk,7478565,NA
mTurk,7550053,28
mTurk,7550055,34
mTurk,7550057,25
mTurk,7550058,30
mTurk,7550059,NA
mTurk,7550060,33
mTurk,7550061,33
mTurk,7550062,24
mTurk,7550065,26
mTurk,7550067,32
mTurk,7478568,NA
mTurk,7550068,NA
mTurk,7550072,22
mTurk,7550076,32
mTurk,7550078,32
mTurk,7550079,32
mTurk,7550080,35
mTurk,7550083,33
mTurk,7550085,39
mTurk,7550091,62
mTurk,7550105,NA
mTurk,7478571,28
mTurk,7550123,25
mTurk,7550172,36
mTurk,7552407,NA
mTurk,7552408,23
mTurk,7552409,25
mTurk,7552410,NA
mTurk,7552411,NA
mTurk,7552412,18
mTurk,7552414,35
mTurk,7552415,NA
mTurk,7478611,NA
mTurk,7552416,32
mTurk,7552417,39
mTurk,7552419,NA
mTurk,7552420,26
mTurk,7552422,NA
mTurk,7552423,55
mTurk,7552424,43
mTurk,7552425,NA
mTurk,7552426,54
mTurk,7552428,30
mTurk,7478623,28
mTurk,7552431,NA
mTurk,7552433,28
mTurk,7552437,32
mTurk,7552448,NA
mTurk,7552457,38
mTurk,7552468,42
mTurk,7552470,28
mTurk,7552474,31
mTurk,7552481,25
mTurk,7552510,44
mTurk,7478625,30
mTurk,7552511,33
mTurk,7552537,25
mTurk,7552573,26
mTurk,7556051,42
mTurk,7556052,48
mTurk,7556054,25
mTurk,7556056,26
mTurk,7556057,39
mTurk,7556058,36
mTurk,7556061,50
mTurk,7476247,NA
mTurk,7478627,53
mTurk,7556062,NA
mTurk,7556064,NA
mTurk,7556066,19
mTurk,7556067,33
mTurk,7556069,NA
mTurk,7556070,30
mTurk,7556072,32
mTurk,7556073,29
mTurk,7556074,NA
mTurk,7556075,31
mTurk,7478629,63
mTurk,7556076,25
mTurk,7556083,51
mTurk,7556088,26
mTurk,7556093,NA
mTurk,7556129,28
mTurk,7556155,25
mTurk,7556166,NA
mTurk,7556231,39
mTurk,7556235,29
mTurk,7556236,41
mTurk,7478633,40
mTurk,7556343,NA
mTurk,7558155,34
mTurk,7558158,NA
mTurk,7558159,64
mTurk,7558160,NA
mTurk,7558161,43
mTurk,7558162,27
mTurk,7558165,NA
mTurk,7558167,25
mTurk,7558168,NA
mTurk,7478642,33
mTurk,7558169,35
mTurk,7558170,42
mTurk,7558172,26
mTurk,7558173,37
mTurk,7558174,30
mTurk,7558177,36
mTurk,7558178,40
mTurk,7558181,NA
mTurk,7558182,61
mTurk,7558187,21
mTurk,7478643,24
mTurk,7558188,NA
mTurk,7558194,56
mTurk,7558195,NA
mTurk,7558205,66
mTurk,7558211,31
mTurk,7558213,61
mTurk,7558223,NA
mTurk,7558274,47
mTurk,7563249,27
mTurk,7563250,27
mTurk,7478647,19
mTurk,7563251,NA
mTurk,7563255,24
mTurk,7563257,34
mTurk,7563258,42
mTurk,7563259,61
mTurk,7563261,35
mTurk,7563263,46
mTurk,7563264,25
mTurk,7563265,28
mTurk,7563266,36
mTurk,7478725,37
mTurk,7563272,25
mTurk,7563276,39
mTurk,7563278,NA
mTurk,7563279,NA
mTurk,7563285,29
mTurk,7563290,28
mTurk,7563298,36
mTurk,7563307,23
mTurk,7563310,NA
mTurk,7563327,28
mTurk,7478862,33
mTurk,7563328,22
mTurk,7563404,21
mTurk,7566561,34
mTurk,7566562,18
mTurk,7566563,33
mTurk,7566565,NA
mTurk,7566567,26
mTurk,7566568,61
mTurk,7566569,25
mTurk,7566570,39
mTurk,7478885,NA
mTurk,7566571,31
mTurk,7566574,27
mTurk,7566575,26
mTurk,7566577,47
mTurk,7566579,43
mTurk,7566581,24
mTurk,7566582,46
mTurk,7566583,24
mTurk,7566591,32
mTurk,7566606,26
mTurk,7478925,28
mTurk,7566630,39
mTurk,7566636,NA
mTurk,7566644,31
mTurk,7566659,27
mTurk,7566741,32
mTurk,7572911,29
mTurk,7572912,30
mTurk,7572913,NA
mTurk,7572915,NA
mTurk,7572916,32
mTurk,7476248,42
mTurk,7478941,27
mTurk,7572917,25
mTurk,7572918,24
mTurk,7572921,28
mTurk,7572922,24
mTurk,7572923,43
mTurk,7572924,31
mTurk,7572925,NA
mTurk,7572928,27
mTurk,7572930,21
mTurk,7572933,21
mTurk,7479012,43
mTurk,7572936,28
mTurk,7572937,33
mTurk,7572938,25
mTurk,7572939,48
mTurk,7572947,53
mTurk,7572955,38
mTurk,7572960,60
mTurk,7572965,NA
mTurk,7572986,25
mTurk,7573011,36
mTurk,7479014,49
mTurk,7574182,46
mTurk,7574183,33
mTurk,7574184,26
mTurk,7574185,41
mTurk,7574186,37
mTurk,7574187,50
mTurk,7574188,NA
mTurk,7574189,39
mTurk,7574190,28
mTurk,7574192,33
mTurk,7480312,44
mTurk,7574193,26
mTurk,7574194,NA
mTurk,7574195,44
mTurk,7574197,NA
mTurk,7574198,29
mTurk,7574200,29
mTurk,7574201,34
mTurk,7574202,38
mTurk,7574203,24
mTurk,7574204,24
mTurk,7480318,NA
mTurk,7574205,NA
mTurk,7574218,60
mTurk,7574221,28
mTurk,7574222,NA
mTurk,7574301,43
mTurk,7578297,43
mTurk,7578298,24
mTurk,7578299,NA
mTurk,7578300,27
mTurk,7578301,NA
mTurk,7480327,27
mTurk,7578302,20
mTurk,7578303,NA
mTurk,7578304,32
mTurk,7578305,25
mTurk,7578306,29
mTurk,7578309,38
mTurk,7578310,58
mTurk,7578311,NA
mTurk,7578312,24
mTurk,7578314,NA
mTurk,7480435,35
mTurk,7578316,72
mTurk,7578318,24
mTurk,7578319,34
mTurk,7578324,36
mTurk,7578327,28
mTurk,7578329,61
mTurk,7578334,NA
mTurk,7578342,NA
mTurk,7578343,NA
mTurk,7578344,NA
mTurk,7480591,NA
mTurk,7578349,25
mTurk,7578350,NA
mTurk,7578379,46
mTurk,7578380,NA
mTurk,7578381,29
mTurk,7578388,34
mTurk,7578393,NA
mTurk,7578421,NA
mTurk,7578443,26
mTurk,7580518,34
mTurk,7480633,29
mTurk,7580519,38
mTurk,7580520,34
mTurk,7580521,42
mTurk,7580522,25
mTurk,7580523,NA
mTurk,7580524,30
mTurk,7580526,41
mTurk,7580527,25
mTurk,7580528,24
mTurk,7580529,24
mTurk,7480685,NA
mTurk,7580531,28
mTurk,7580533,29
mTurk,7580534,31
mTurk,7580536,NA
mTurk,7580537,47
mTurk,7580538,NA
mTurk,7580539,28
mTurk,7580548,29
mTurk,7580557,39
mTurk,7580558,36
mTurk,7476280,NA
mTurk,7480686,26
mTurk,7580589,44
mTurk,7580628,42
mTurk,7580771,39
mTurk,7598312,NA
mTurk,7598313,NA
mTurk,7598315,28
mTurk,7598318,39
mTurk,7598323,NA
mTurk,7598329,26
mTurk,7598342,NA
mTurk,7480763,NA
mTurk,7598351,19
mTurk,7598363,NA
mTurk,7598371,31
mTurk,7598379,44
mTurk,7598404,28
mTurk,7598587,NA
mTurk,7598596,56
mTurk,7598600,47
mTurk,7598828,26
mTurk,7598900,NA
mTurk,7480857,29
mTurk,7598936,32
mTurk,7599008,31
mTurk,7599060,27
mTurk,7599118,NA
mTurk,7599142,23
mTurk,7599214,25
mTurk,7599279,NA
mTurk,7599321,39
mTurk,7599393,39
mTurk,7599424,28
mTurk,7480868,65
mTurk,7599626,26
mTurk,7599644,NA
mTurk,7599702,NA
mTurk,7600137,29
mTurk,7602612,29
mTurk,7602614,31
mTurk,7602615,NA
mTurk,7602617,23
mTurk,7602622,57
mTurk,7602628,28
mTurk,7481222,35
mTurk,7602639,NA
mTurk,7602656,21
mTurk,7602662,NA
mTurk,7602681,27
mTurk,7602702,NA
mTurk,7602711,55
mTurk,7602807,27
mTurk,7602823,50
mTurk,7602832,NA
mTurk,7602837,NA
mTurk,7481278,59
mTurk,7602840,34
mTurk,7602854,45
mTurk,7602869,37
mTurk,7602881,NA
mTurk,7602960,NA
mTurk,7602982,26
mTurk,7603001,49
mTurk,7603013,27
mTurk,7603156,43
mTurk,7603170,23
mTurk,7481596,29
mTurk,7603227,43
mTurk,7603650,NA
mTurk,7603852,28
mTurk,7608747,25
mTurk,7608753,20
mTurk,7608755,NA
mTurk,7608756,NA
mTurk,7608757,38
mTurk,7608758,44
mTurk,7608760,36
mTurk,7481694,NA
mTurk,7608762,NA
mTurk,7608763,48
mTurk,7608764,49
mTurk,7608766,NA
mTurk,7608767,69
mTurk,7608770,35
mTurk,7608771,28
mTurk,7608772,30
mTurk,7608783,50
mTurk,7608786,28
mTurk,7482181,NA
mTurk,7608828,24
mTurk,7608834,50
mTurk,7608841,29
mTurk,7608850,34
mTurk,7608862,59
mTurk,7608941,24
mTurk,7609117,35
mTurk,7611549,38
mTurk,7611552,61
mTurk,7611554,35
mTurk,7482455,33
mTurk,7611556,59
mTurk,7611557,36
mTurk,7611562,52
mTurk,7611566,49
mTurk,7611567,20
mTurk,7611569,28
mTurk,7611571,32
mTurk,7611574,36
mTurk,7611584,NA
mTurk,7611720,22
mTurk,7476307,46
mTurk,7482561,41
mTurk,7611724,NA
mTurk,7611740,33
mTurk,7611751,33
mTurk,7611780,39
mTurk,7611790,41
mTurk,7611797,26
mTurk,7612014,36
mTurk,7612031,NA
mTurk,7612049,24
mTurk,7616901,30
mTurk,7483295,38
mTurk,7616905,44
mTurk,7616907,53
mTurk,7616908,22
mTurk,7616909,36
mTurk,7616912,NA
mTurk,7616914,32
mTurk,7616915,31
mTurk,7616921,33
mTurk,7616922,45
mTurk,7616925,NA
mTurk,7483891,37
mTurk,7616926,NA
mTurk,7616928,32
mTurk,7616931,21
mTurk,7616933,30
mTurk,7616938,24
mTurk,7616949,26
mTurk,7616950,NA
mTurk,7616969,NA
mTurk,7617010,26
mTurk,7617011,32
mTurk,7484342,42
mTurk,7617089,29
mTurk,7617102,33
mTurk,7617282,55
mTurk,7617308,32
mTurk,7617321,30
mTurk,7617353,NA
mTurk,7617361,NA
mTurk,7617364,28
mTurk,7484355,28
mTurk,7485234,34
mTurk,7487446,NA
mTurk,7488347,52
mTurk,7488841,24
mTurk,7489122,28
mTurk,7476316,46
mTurk,7501172,37
mTurk,7501174,38
mTurk,7501176,44
mTurk,7501185,NA
mTurk,7501200,NA
mTurk,7501214,30
mTurk,7501234,25
mTurk,7501242,42
mTurk,7501293,NA
mTurk,7501506,35
mTurk,7477705,53
mTurk,7501527,25
mTurk,7501576,NA
mTurk,7501981,NA
mTurk,7502252,58
mTurk,7502574,32
mTurk,7503680,30
mTurk,7503691,NA
mTurk,7504361,28
mTurk,7505245,NA
mTurk,7506252,25
NovaSoutheasternUniversity,7415350,almost 19
NovaSoutheasternUniversity,7562468,18
NovaSoutheasternUniversity,7562960,18
NovaSoutheasternUniversity,7567524,18
NovaSoutheasternUniversity,7567684,18
NovaSoutheasternUniversity,7568017,18
NovaSoutheasternUniversity,7569890,18
NovaSoutheasternUniversity,7570000,28
NovaSoutheasternUniversity,7570132,33
NovaSoutheasternUniversity,7570370,18
NovaSoutheasternUniversity,7570584,18
NovaSoutheasternUniversity,NA,NA
NovaSoutheasternUniversity,NA,NA
NovaSoutheasternUniversity,7572710,21
NovaSoutheasternUniversity,7574137,18
NovaSoutheasternUniversity,7574208,19
NovaSoutheasternUniversity,7574305,18
NovaSoutheasternUniversity,7574404,18
NovaSoutheasternUniversity,7574551,18
NovaSoutheasternUniversity,7578253,18
NovaSoutheasternUniversity,7578686,20
NovaSoutheasternUniversity,7578758,18
NovaSoutheasternUniversity,7415682,18
NovaSoutheasternUniversity,7581019,18
NovaSoutheasternUniversity,7581136,19
NovaSoutheasternUniversity,NA,NA
NovaSoutheasternUniversity,7596431,18
NovaSoutheasternUniversity,7597229,25
NovaSoutheasternUniversity,7597484,18
NovaSoutheasternUniversity,7603742,18
NovaSoutheasternUniversity,7603904,13
NovaSoutheasternUniversity,7604228,18
NovaSoutheasternUniversity,7607345,18
NovaSoutheasternUniversity,7415903,18
NovaSoutheasternUniversity,7607499,18
NovaSoutheasternUniversity,7608020,19
NovaSoutheasternUniversity,7608885,18
NovaSoutheasternUniversity,NA,NA
NovaSoutheasternUniversity,NA,NA
NovaSoutheasternUniversity,7616043,19
NovaSoutheasternUniversity,7616148,18
NovaSoutheasternUniversity,7616468,18
NovaSoutheasternUniversity,7616703,19
NovaSoutheasternUniversity,7419619,18
NovaSoutheasternUniversity,NA,NA
NovaSoutheasternUniversity,7420288,18
NovaSoutheasternUniversity,7420512,18
NovaSoutheasternUniversity,7420667,18
NovaSoutheasternUniversity,7422555,18
NovaSoutheasternUniversity,7423126,18
NovaSoutheasternUniversity,7423371,19
NovaSoutheasternUniversity,7425142,24
NovaSoutheasternUniversity,7425246,18
NovaSoutheasternUniversity,7425508,18
NovaSoutheasternUniversity,NA,NA
NovaSoutheasternUniversity,7425756,21
NovaSoutheasternUniversity,7425891,21
NovaSoutheasternUniversity,7426023,18
NovaSoutheasternUniversity,7427617,19
NovaSoutheasternUniversity,7428315,26
NovaSoutheasternUniversity,7430585,19
NovaSoutheasternUniversity,7430779,18
NovaSoutheasternUniversity,7430914,18
NovaSoutheasternUniversity,7431207,24
NovaSoutheasternUniversity,NA,NA
NovaSoutheasternUniversity,7435182,19
NovaSoutheasternUniversity,7435270,18
NovaSoutheasternUniversity,7436847,19
NovaSoutheasternUniversity,7436881,49
NovaSoutheasternUniversity,7437558,18
NovaSoutheasternUniversity,7437782,20
NovaSoutheasternUniversity,7438089,18
NovaSoutheasternUniversity,7440002,18
NovaSoutheasternUniversity,7440119,18
NovaSoutheasternUniversity,7440263,18
NovaSoutheasternUniversity,7440424,18
NovaSoutheasternUniversity,7440744,19
NovaSoutheasternUniversity,7441079,18
NovaSoutheasternUniversity,7444184,18
NovaSoutheasternUniversity,NA,NA
NovaSoutheasternUniversity,7446584,18
NovaSoutheasternUniversity,7447123,18
NovaSoutheasternUniversity,7451743,18
NovaSoutheasternUniversity,NA,NA
NovaSoutheasternUniversity,7452365,18
NovaSoutheasternUniversity,7453912,18
NovaSoutheasternUniversity,7454471,18
NovaSoutheasternUniversity,7454639,25
NovaSoutheasternUniversity,7455148,26
NovaSoutheasternUniversity,7457027,19
NovaSoutheasternUniversity,7457776,19
NovaSoutheasternUniversity,NA,NA
NovaSoutheasternUniversity,NA,NA
NovaSoutheasternUniversity,7461792,20
NovaSoutheasternUniversity,7462061,18
NovaSoutheasternUniversity,7466928,18
NovaSoutheasternUniversity,7467179,18
NovaSoutheasternUniversity,7467437,21
NovaSoutheasternUniversity,7467549,18
NovaSoutheasternUniversity,7412374,18
NovaSoutheasternUniversity,7471726,18
NovaSoutheasternUniversity,7472090,18
NovaSoutheasternUniversity,NA,NA
NovaSoutheasternUniversity,7504352,22
NovaSoutheasternUniversity,7505006,18
NovaSoutheasternUniversity,7507167,21
NovaSoutheasternUniversity,7509474,18
NovaSoutheasternUniversity,7510347,19
NovaSoutheasternUniversity,7510754,19
NovaSoutheasternUniversity,7511091,18
NovaSoutheasternUniversity,7413281,22
NovaSoutheasternUniversity,7531984,21
NovaSoutheasternUniversity,7540663,18
NovaSoutheasternUniversity,7541473,19
NovaSoutheasternUniversity,7544765,18
NovaSoutheasternUniversity,7544863,18
NovaSoutheasternUniversity,7545464,18
NovaSoutheasternUniversity,7549820,19
NovaSoutheasternUniversity,7551921,18
NovaSoutheasternUniversity,NA,NA
NovaSoutheasternUniversity,NA,NA
NovaSoutheasternUniversity,7415209,21
NovaSoutheasternUniversity,7553842,18
NovaSoutheasternUniversity,7553920,19
NovaSoutheasternUniversity,7554054,20
NovaSoutheasternUniversity,7554356,18
NovaSoutheasternUniversity,7556599,19
NovaSoutheasternUniversity,7558191,18
NovaSoutheasternUniversity,7558229,20
NovaSoutheasternUniversity,7558476,21
NovaSoutheasternUniversity,7558628,27
NovaSoutheasternUniversity,NA,NA
NovaSoutheasternUniversity,7552072,18
NovaSoutheasternUniversity,7558868,NA
NovaSoutheasternUniversity,7558910,18
NovaSoutheasternUniversity,7425623,19
NovaSoutheasternUniversity,7420163,18
NovaSoutheasternUniversity,7571058,19
NovaSoutheasternUniversity,7415526,18
NovaSoutheasternUniversity,7612291,18
NovaSoutheasternUniversity,7459466,21
NovaSoutheasternUniversity,7460306,18
NovaSoutheasternUniversity,7452008,18
NovaSoutheasternUniversity,7430540,NA
NovaSoutheasternUniversity,7434841,18
NovaSoutheasternUniversity,7552327,21
NovaSoutheasternUniversity,7444525,18
NovaSoutheasternUniversity,7501983,19
NovaSoutheasternUniversity,7581303,20
NovaSoutheasternUniversity,7609132,18
